industry,wr1,wr2,wr3,wr4,vol1,vol2,vol3,vol4,pe_ratio,debt_to_equity,quick_ratio,total_shareholder_return,profit_margin,free_cash_margin,volatility,cpi,interest_rate,unemployment_rate,sma,rsi,ema,label
Consumer Discretionary,-0.010398919398880185,0.008423615160579283,0.03689839128568085,-0.029915325992685385,462500,300200,383200,421100,15.89,0.1,1.7,4.42,-6.26,-9.79,0.04247156016207919,240.229,0.37,4.8,58.169999999999995,36.41618497109819,58.22333333333333,0
Technology,0.1267703698784466,-0.17711122324378514,-0.061334266696966885,0.029732071032880274,3667700,5951300,7753100,9682100,33.77,0.98,1.57,6.01,10.16,8.51,0.038813831137081714,252.038,2.2,3.8,48.596666666666664,87.99134511359546,48.28041666666667,0
